Component,ComponentCode,ComponentType,Quantity,DateReceived,Notes,LeadTimeDays,MaxCapacity,SafetyFactor,ReorderPoint
3.5 Gal Bucket (Natural),TBDBUCKNAT,bucket,3035.0,,Line 4 – Choice Laundry Detergent Gain Type 3.5 Gal,14.0,0.0,1.1,42209.99999999999
4 Seasons Antifreeze Back Label,LABEL-6155-B,label,108543.0,1-1-2026,Line 1 – 4 Seasons Antifreeze,14.0,0.0,1.0,163537.92
4 Seasons Antifreeze Front Label,LABEL-6155-F,label,108543.0,1-1-2026,Line 1 – 4 Seasons Antifreeze,14.0,0.0,1.0,163537.92
4 Seasons Oil 10W30 Back Label,LABEL-61107-B,label,83864.32,1-1-2026,Line 2 – 4 Seasons Oil 10W30,14.0,0.0,1.0,127196.16
4 Seasons Oil 10W30 Front Label,LABEL-61107-F,label,83864.32,1-1-2026,Line 2 – 4 Seasons Oil 10W30,14.0,0.0,1.0,127196.16
4 Seasons Oil 10W40 Back Label,LABEL-61108-B,label,76592.96,1-1-2026,Line 2 – 4 Seasons Oil 10W40,14.0,0.0,1.0,127196.16
4 Seasons Oil 10W40 Front Label,LABEL-61108-F,label,76592.96,1-1-2026,Line 2 – 4 Seasons Oil 10W40,14.0,0.0,1.0,127196.16
4 Seasons Oil 5W20 Back Label,LABEL-61109-B,label,60457.28,1-1-2026,Line 2 – 4 Seasons Oil 5W20,14.0,0.0,1.0,127196.16
4 Seasons Oil 5W20 Front Label,LABEL-61109-F,label,60457.28,1-1-2026,Line 2 – 4 Seasons Oil 5W20,14.0,0.0,1.0,127196.16
4 Seasons Oil 5W30 Back Label,LABEL-61110-B,label,146592.96,04-21-2026,Line 2 – 4 Seasons Oil 5W30,14.0,0.0,1.0,127196.16
4 Seasons Oil 5W30 Front Label,LABEL-61110-F,label,146592.96,04-21-2026,Line 2 – 4 Seasons Oil 5W30,14.0,0.0,1.0,127196.16
4 Seasons Oil ATF Back Label,LABEL-61111-B,label,42728.64,1-1-2026,Line 2 – 4 Seasons Oil ATF,14.0,0.0,1.0,127196.16
4 Seasons Oil ATF Front Label,LABEL-61111-F,label,42728.64,1-1-2026,Line 2 – 4 Seasons Oil ATF,14.0,0.0,1.0,127196.16
4 Seasons Oil Box,BOX-4SOIL,box,37726.0,1-1-2026,Line 2 – 4 Seasons Oil 5W20,14.0,0.0,1.0,20384.0
4-1 Box,BOX-PS,box,0.0,1-1-2026,Line 3 – Pool Shock,14.0,0.0,1.0,74289.59999999999
5 Gal Bucket (White),TBD-5GAL-WHT,bucket,720.0,06-30-2026,Added from confirmed 06/30/2026 inventory baseline,0.0,0.0,1.0,0.0
8Brand Box,BOX-WW/BL,box,15327.199999999997,02-04-2026,Line 3 – RV Antifreeze -50,14.0,0.0,1.0,49392.0
All Temp Box,BOX-ATAFC,box,10584.0,1-1-2026,Line 1 – Global Power 50,14.0,0.0,1.0,26470.08
All Temp Bug Wash +32 Label,LBL-ATBW,label,6000.0,1-1-2026,Line 3 – All Temp Bug Wash +32,14.0,0.0,1.0,183456.0
All Temp Summer Wash +32 Label,LBL-ATSWW-12507,label,26345.0,1-1-2026,Line 3 – All Temp Summer Wash +32,14.0,0.0,1.0,183456.0
All Temp W/Wash Deicer -30 Label,LBL-61123-DEICER,label,6000.0,1-1-2026,,14.0,0.0,1.0,183456.0
Antifreeze Box,BOX-AF-NEW,box,18832.6,1-1-2026,Line 1 – 4 Seasons Antifreeze,14.0,0.0,1.0,26339.04
AquaX Label,LBL-45957,label,43838.0,1-1-2026,Line 3 – AquaX W/Wash +32,14.0,0.0,1.0,183456.0
Black Antifreeze Bottle,BOT-AF-BLK,bottle,7102.0,07-10-2026,Line 1 – Xtreme AF,14.0,0.0,1.0,158820.47999999998
Black Oil Bottle,BOT-OIL-QTBW,bottle,203.0,04-30-2026,Line 2 – 4 Seasons Oil 10W40,14.0,0.0,1.0,122915.51999999996
Black Oil Cap,CAP-OIL,cap,151662.03999999998,04-09-2026,Line 2 – 4 Seasons Oil 5W20,14.0,0.0,1.0,123527.04
Bleach Cap,CAP-BL,cap,31182.0,1-1-2026,Line 7 – Fresh Choice Bleach,14.0,0.0,1.0,118776.0
Bleach Label,LBL-FCBLEACH,label,5126.0,1-1-2026,Line 7 – Fresh Choice Bleach,14.0,0.0,1.0,122304.0
Blue Drum 55 Gal,DRUM-MT55,drum,-145.177,07-10-2026,Line 4 – Drum OTR-0,14.0,0.0,1.0,2813.9999999999995
BugX Label,LBL-45956,label,82690.0,06-15-2026,Line 3 – BugX W/Wash +32,14.0,0.0,1.0,183456.0
Clear F Style Bottle,BOT-F-NAT,bottle,5385.74,07-13-2026,Line 1 – OTR -25 W/Wash,14.0,0.0,1.1,157641.12
Clear Round Bottle,BOTTLE-RD-NAT,bottle,-22906.8,05-23-2026,Line 3 – RV Antifreeze -50,14.0,0.0,1.0,178164.0
Cool Power 100 Back Label,LBL-ATCPFS-B,label,5000.0,1-1-2026,,14.0,0.0,1.0,163537.92
Cool Power 100 Box Label,LBL-ATCPFS-BOX,label,1500.0,1-1-2026,,14.0,0.0,1.0,52678.08
Cool Power 100 Front Label,LBL-ATCPFS-F,label,5000.0,1-1-2026,,14.0,0.0,1.0,163537.92
Cool Power 50 Back Label,LBL-ATCP50-B,label,28652.0,1-1-2026,Line 1 – Cool Power 50,14.0,0.0,1.0,163537.92
Cool Power 50 Box Label,LBL-ATCP50-BOX,label,2902.0,1-1-2026,Line 1 – Cool Power 50,14.0,0.0,1.0,0.0
Cool Power 50 Front Label,LBL-ATCP50-F,label,28652.0,1-1-2026,Line 1 – Cool Power 50,14.0,0.0,1.0,163537.92
D35003X 40 # PAIL - CHROMATINT BLUE 0408 LIQUID,D35003X,Pail,24.0,1-1-2026,Inventory Check in PLC end of December,14.0,0.0,1.0,0.0
D51041 40 # PAIL - CHROMATINT YELLOW GRHF LIQUID,D51041,Pail,27.0,1-1-2026,Inventory Check in PLC end of December,14.0,0.0,1.0,0.0
D93287X 40 # PAIL - CHROMATINT RED 1887 LIQUID,D93287X,Pail,24.0,1-1-2026,Inventory Check in PLC end of December,14.0,0.0,1.0,0.0
D949003 40 # PAIL - CHROMATINT VIOLET 3544 LIQUID,D949003,Pail,28.0,1-1-2026,Inventory Check in PLC end of December,14.0,0.0,1.0,0.0
DEF 2.5 Gal Bottle,BOT-DEF2.5,bottle,1452.8000000000004,04-09-2026,Line 5 – Resolute DEF 2.5 Gal classic,14.0,0.0,1.0,33767.99999999999
DEF 2.5 Gal Spout,DEFSPOUT,spout,16530.4,09-10-2026,Stocktake set count,14.0,0.0,1.1,33767.99999999999
DEF Cap,CAP-DEF,cap,53057.799999999996,1-1-2026,Line 5 – Resolute DEF 2.5 Gal classic,14.0,0.0,1.0,33767.99999999999
Drum Green Power -34 Label,LBL-ATGP50-55,label,20.0,,Line 4 – Drum Green Power -34,14.0,0.0,1.1,2800.0
Drum OTR +32 Label,TBD-OTR32DR-LBL,label,1000.0,06-30-2026,Added from confirmed 06/30/2026 inventory baseline,0.0,0.0,1.0,0.0
Drum OTR-0 Label,OTRW05-LBL,label,1094.0,,Line 4 – Drum OTR-0,14.0,0.0,1.1,2800.0
Drum OTR-25 Label,OTRW255-LBL,label,5796.0,,Line 4 – Drum OTR-25,14.0,0.0,1.1,2800.0
Empty Totes Recon 275 gal,TOTE-MT275,Tote,64.0,1-1-2026,Received via RM-01 (auto-created),14.0,0.0,1.1,0.0
Extreme 50/50 (RED) Back Label,TBD-EXT50-B,label,23390.0,06-30-2026,Added from confirmed 06/30/2026 inventory baseline,0.0,0.0,1.0,0.0
Extreme 50/50 (RED) Front Label,TBD-EXT50-F,label,23390.0,06-30-2026,Added from confirmed 06/30/2026 inventory baseline,0.0,0.0,1.0,0.0
F Style Blank Box,BOX-FSTYLEBLANK,box,7458.48,05-07-2026,Line 1 – Xtreme AF,14.0,0.0,1.1,184146.48
Fleet Power 50 Back Label,LBL-ATCFP-B,label,26428.0,1-1-2026,,14.0,0.0,1.0,163537.92
Fleet Power 50 Box Label,LBL-ATCFP-BOX,label,2000.0,1-1-2026,,14.0,0.0,1.1,0.0
Fleet Power 50 Front Label,LBL-ATCFP-F,label,26428.0,1-1-2026,,14.0,0.0,1.0,163537.92
FrostX Label,LBL-45959,label,138000.0,1-1-2026,Line 3 – FrostX W/Wash -30,14.0,0.0,1.0,183456.0
Global Power 100 Back Label,LBL-ATGLPFS-B,label,20551.0,1-1-2026,Line 1 – Global Power 100,14.0,0.0,1.0,163537.92
Global Power 100 Box Label,LBL-ATGLPFS-BOX,label,2928.0,1-1-2026,Line 1 – Global Power 100,14.0,0.0,1.0,0.0
Global Power 100 Front Label,LBL-ATGLPFS-F,label,20551.0,1-1-2026,Line 1 – Global Power 100,14.0,0.0,1.0,163537.92
Global Power 50 Back Label,LBL-ATGLP50-B,label,33304.36,1-1-2026,Line 1 – Global Power 50,14.0,0.0,1.0,163537.92
Global Power 50 Box Label,LBL-ATGLP50-BOX,label,349.0,1-1-2026,Line 1 – Global Power 50,14.0,0.0,1.0,0.0
Global Power 50 Front Label,LBL-ATGLP50-F,label,47304.36,1-1-2026,Line 1 – Global Power 50,14.0,0.0,1.0,163537.92
Green Power 100 Back Label,LBL-ATGPFS-B,label,1275.0,1-1-2026,Line 1 – Green Power 100,14.0,0.0,1.0,163537.92
Green Power 100 Box Label,LBL-ATGPFS-BOX,label,5855.0,1-1-2026,Line 1 – Green Power 100,14.0,0.0,1.0,0.0
Green Power 100 Front Label,LBL-ATGPFS-F,label,1275.0,1-1-2026,Line 1 – Green Power 100,14.0,0.0,1.0,163537.92
Green Power 50 Back Label,LABEL-00048-B,label,66072.43999999999,01-07-2026,Line 1 – Green Power 50,14.0,0.0,1.0,163537.92
Green Power 50 Front Label,LABEL-00048-F,label,66072.43999999999,01-07-2026,Line 1 – Green Power 50,14.0,0.0,1.0,163537.92
Green Power Box,BOX-GREENPWR,box,0.0,04-21-2026,Line 1 – Green Power 50,14.0,0.0,1.0,0.0
Jegs 10W30 Back Label,LABEL-JEGS1030-B,label,1500.0,06-30-2026,Added from confirmed 06/30/2026 inventory baseline,0.0,0.0,1.0,127196.16
Jegs 10W30 Front Label,LABEL-JEGS1030-F,label,1500.0,06-30-2026,Added from confirmed 06/30/2026 inventory baseline,0.0,0.0,1.0,127196.16
Jegs 20W50 Back Label,LABEL-JEGS2050-B,label,5000.0,06-30-2026,Added from confirmed 06/30/2026 inventory baseline,0.0,0.0,1.0,0.0
Jegs 20W50 Front Label,LABEL-JEGS2050-F,label,5000.0,06-30-2026,Added from confirmed 06/30/2026 inventory baseline,0.0,0.0,1.0,0.0
Laundry Bucket Lid (Natural),TBDBLIDNAT,bucket lid,4555.0,,Line 4 – Choice Laundry Detergent Gain Type 3.5 Gal,14.0,0.0,1.1,42209.99999999999
Liquid Spray Bottle,TBD-SPRAY-BOT,bottle,36630.0,06-30-2026,Added from confirmed 06/30/2026 inventory baseline,0.0,0.0,1.0,0.0
Liquid Spray Head,TBD-SPRAY-HEAD,box,110000.0,06-30-2026,Added from confirmed 06/30/2026 inventory baseline,0.0,0.0,1.0,0.0
M96027X 40 # PAIL - CHROMATINT GREEN 1102 LIQUID,M96027X,Pail,40.0,1-1-2026,Inventory Check in PLC end of December,14.0,0.0,1.0,0.0
Muriatic Acid Label,LBL-45912-MA,label,6000.0,1-1-2026,,14.0,0.0,1.0,139776.0
OEF Asian Blue Back Label,LABEL-11398-B,label,9000.0,1-1-2026,Line 1 – OEF Asian Blue,14.0,0.0,1.0,163537.92
OEF Asian Blue Box Label,LABEL-11398-BOX,label,6000.0,1-1-2026,Line 1 – OEF Asian Blue,14.0,0.0,1.0,52940.16
OEF Asian Blue Front Label,LABEL-11398-F,label,13000.0,1-1-2026,Line 1 – OEF Asian Blue,14.0,0.0,1.0,163537.92
OEF Asian Red/Pink Back Label,LABEL-11404-B,label,16000.0,1-1-2026,Line 1 – OEF Asian Red/Pink,14.0,0.0,1.0,163537.92
OEF Asian Red/Pink Box Label,LABEL-11404-BOX,label,9000.0,1-1-2026,Line 1 – OEF Asian Red/Pink,14.0,0.0,1.0,52940.16
OEF Asian Red/Pink Front Label,LABEL-11404-F,label,16000.0,1-1-2026,Line 1 – OEF Asian Red/Pink,14.0,0.0,1.0,163537.92
OEF Euopean Pink Box Label,LABEL-11428-BOX,label,4000.0,1-1-2026,Line 1 – OEF European Pink,14.0,0.0,1.0,52940.16
OEF Euopean Pink Front Label,LABEL-11428-F,label,19000.0,1-1-2026,Line 1 – OEF European Pink,14.0,0.0,1.0,163537.92
OEF European Blue Back Label,LABEL-11411-B,label,15000.0,1-1-2026,Line 1 – OEF European Blue,14.0,0.0,1.0,163537.92
OEF European Blue Box Label,LABEL-11411-BOX,label,5000.0,1-1-2026,Line 1 – OEF European Blue,14.0,0.0,1.0,52940.16
OEF European Blue Front Label,LABEL-11411-F,label,19000.0,1-1-2026,Line 1 – OEF European Blue,14.0,0.0,1.0,163537.92
OEF European Pink Back Label,LABEL-11428-B,label,19000.0,1-1-2026,Line 1 – OEF European Pink,14.0,0.0,1.0,163537.92
OTR -25 Back Label,LBL-52086-B,label,258000.0,,Line 1 – OTR -25 W/Wash,14.0,0.0,1.1,161179.19999999998
OTR -25 Front Label,LBL-52086-F,label,258000.0,,Line 1 – OTR -25 W/Wash,14.0,0.0,1.1,161179.19999999998
OTR +32 BackLabel,TBD-OTR32-B,label,30000.0,06-30-2026,Added from confirmed 06/30/2026 inventory baseline,0.0,0.0,1.0,0.0
OTR +32 Front Label,LBL-52091-F,label,30000.0,,,14.0,0.0,1.1,161179.19999999998
OTR 0 Back Label,LBL-52089-B,label,19731.84,,,14.0,0.0,1.1,163537.92
OTR 0 Front Label,LBL-52089-F,label,19731.84,,,14.0,0.0,1.1,163537.92
Plain 6/1 Box,BOX-PLAIN-6/1,box,5152.54,01-30-2026,Line 3 – Resolute +32 Bug Wash,14.0,0.0,1.1,29591.1
PolarX Label,LBL-45958,label,285367.0,01-07-2026,Line 3 – PolarX W/Wash -20,14.0,0.0,1.0,183456.0
Pool Shock Cap,CAP-PS,cap,53101.0,1-1-2026,Line 3 – Pool Shock,14.0,0.0,1.0,162892.80000000002
Pool Shock Label,LABEL-PSLC125,label,5201.0,1-1-2026,Line 3 – Pool Shock,14.0,0.0,1.0,167731.2
Propel 50 Back Label,LBL-PROAF50-B,label,14551.0,1-1-2026,Line 1 – Propel 50,14.0,0.0,1.0,163537.92
Propel 50 Front Label,LBL-PROAF50-F,label,14551.0,1-1-2026,Line 1 – Propel 50,14.0,0.0,1.0,163537.92
Pure Air DEF 2.5 Gal Box,,box,700.0,08-31-2026,Added from verified 08/31/2026 physical count,14.0,0.0,1.0,0.0
Quality DEF W/Wash -20 Label,LBL-Q1WWP5,label,22879.0,,Line 3 – Quality DEF W/Wash -20,14.0,0.0,1.1,178164.0
Quality DEF W/Wash +32 Label,LBL-QDWW+32,label,25000.0,,,14.0,0.0,1.1,179928.0
Quality DEF W/Wash 0 Label,LBL-Q1WWZX,label,23727.0,,Line 3 – Quality DEF W/Wash 0,14.0,0.0,1.1,178164.0
Quik Lite Back Label,LBLB-CHAR,label,29739.12,04-25-2026,Line 6 – Quick Lite,14.0,0.0,1.1,75479.04000000001
Quik Lite Bottle,BOT-CHAR,bottle,45128.0,06-05-2026,Line 6 – Quick Lite,14.0,0.0,1.1,72576.0
Quik Lite Box,BOX-CHAR,box,6056.0,04-30-2026,Line 6 – Quick Lite,14.0,0.0,1.1,6048.0
Quik Lite Cap,CAP-CHAR,cap,227805.56,04-30-2026,Line 6 – Quick Lite,14.0,0.0,1.1,74027.52
Quik Lite Front Label,LBLF-CHAR,label,29739.12,04-25-2026,Line 6 – Quick Lite,14.0,0.0,1.1,75479.04000000001
Resolute -20 W/Wash Label,RES-20F,label,35367.4,,Line 3 – Resolute -20 W/Wash,14.0,0.0,1.1,183456.0
Resolute -30 W/Wash Label,RES-30F,label,41482.0,,Line 3 – Resolute -30 W/Wash,14.0,0.0,1.1,183456.0
Resolute +32 Bug Wash Label,RES+32F,label,42000.0,06-15-2026,Line 3 – Resolute +32 Bug Wash,14.0,0.0,1.1,181692.0
Resolute DEF 2.5 Gal Box Classic,RESD25-BOX,box,36806.799999999996,04-09-2026,Line 5 – Resolute DEF 2.5 Gal classic,14.0,0.0,1.1,33767.99999999999
Resolute DEF 2.5 Gal Box Premium,PRED25-BOX,box,12734.0,04-09-2026,Line 4 – Resolute DEF 2.5 Gal premium,14.0,0.0,1.1,33767.99999999999
RV Antifreeze -100 Label,LBL-45915,label,74000.0,1-1-2026,Line 3 – RV Antifreeze -100,14.0,0.0,1.0,183456.0
RV Antifreeze -50 Label,LBL-45915,label,217229.8,1-1-2026,Line 3 – RV Antifreeze -50,14.0,0.0,1.0,183456.0
Simply Auto Box,BOX-SIMPLY,box,6128.0,1-1-2026,Line 1 – Simply Cool,14.0,0.0,1.0,26470.08
Simply Cool Back Label,LBL-99983-B,label,12000.0,1-1-2026,Line 1 – Simply Cool,14.0,0.0,1.0,163537.92
Simply Cool Front Label,LBL-99983-F,label,12000.0,1-1-2026,Line 1 – Simply Cool,14.0,0.0,1.0,163537.92
Super Purple Back Label,LABEL-61115-B,label,539.12,1-1-2026,,14.0,0.0,1.0,183456.0
Super Purple Front Label,LABEL-61115-F,label,539.12,1-1-2026,,14.0,0.0,1.0,183456.0
TotalX Label,LBL-45960,label,49000.0,1-1-2026,Line 3 – TotalX W/Wash,14.0,0.0,1.0,183456.0
W/Wash -20 Drum Label,TBDWW20DRLBL,label,1420.0,1-1-2026,Line 4 – Drum W/Wash -20,14.0,0.0,1.0,2828.0
White Antifreeze Bottle,BOT-AF-WHT,bottle,-381.76,1-1-2026,,14.0,0.0,1.0,152712.0
White Cap,CAP-WH,cap,76343.4,04-20-2026,Line 3 – RV Antifreeze -50,14.0,0.0,1.0,490578.48
White Round Bottle,BOTTLE-RD-WHT,bottle,250.0,1-1-2026,Line 3 – Pool Shock,14.0,0.0,1.0,417412.8
Wood Pallet,PALLET,Pallet,660.0,06-01-2026,,14.0,0.0,1.1,0.0
Yellow Antifreeze Bottle,BOTTLE-AFYEL,bottle,4332.199999999999,07-15-2026,Line 1 – Simply Cool,14.0,0.0,1.0,159606.72
Yellow Antifreeze Cap,CAP-AFYEL,cap,0.0,04-09-2026,Line 1 – Simply Cool,14.0,0.0,1.0,159606.72
Yellow Oil Bottle,BOT-OIL-QTYL,bottle,61733.020000000004,07-10-2026,Line 2 – 4 Seasons Oil 5W20,14.0,0.0,1.1,122915.51999999996
ZeroX Label,LBL-45955,label,32344.8,1-1-2026,,14.0,0.0,1.0,183456.0
All Blu DEF 2.5 Gal Box,TBD,box,0.0,,Added from Kits reconciliation 09-14-2026; starting count not established,14.0,0.0,1.0,0.0
All Temp W/Wash -20 Label,LBL-ATWW20,label,0.0,,Added from Kits reconciliation 09-14-2026; starting count not established,14.0,0.0,1.0,0.0
Black DOT Diamond Label,DMNDLBL,label,0.0,,Added from Kits reconciliation 09-14-2026; starting count not established,14.0,0.0,1.0,0.0
Blue Laundry Bucket Label,TBD,label,0.0,,Added from Kits reconciliation 09-14-2026; starting count not established,14.0,0.0,1.0,0.0
Cool Power 50 Drum Label,ATCP50-55-LABEL,label,0.0,,Added from Kits reconciliation 09-14-2026; starting count not established,14.0,0.0,1.0,0.0
DEF Drum Label,TBDDEFDL,label,0.0,,Added from Kits reconciliation 09-14-2026; starting count not established,14.0,0.0,1.0,0.0
Drum Fleet Power Label,TBDFLTPWRDRMLBL,label,0.0,,Added from Kits reconciliation 09-14-2026; starting count not established,14.0,0.0,1.0,0.0
Drum Global Power 100 Label,LBL-ATGLPFS-55,label,0.0,,Added from Kits reconciliation 09-14-2026; starting count not established,14.0,0.0,1.0,0.0
Drum Oil 5W20 Label,TBD,label,0.0,,Added from Kits reconciliation 09-14-2026; starting count not established,14.0,0.0,1.0,0.0
Drum Super Purple Cleaner & Degreaser Label,LBL-TBD-SPCD55G,label,0.0,,Added from Kits reconciliation 09-14-2026; starting count not established,14.0,0.0,1.0,0.0
Global Power 50 Drum Label,TBD,label,0.0,,Added from Kits reconciliation 09-14-2026; starting count not established,14.0,0.0,1.0,0.0
Green Laundry Bucket Label,TBD,label,0.0,,Added from Kits reconciliation 09-14-2026; starting count not established,14.0,0.0,1.0,0.0
OTR +32 Back Label,LBL-52091-B,label,0.0,,Added from Kits reconciliation 09-14-2026; starting count not established,14.0,0.0,1.0,0.0
Oil 10W30 Drum Label,TBD,label,0.0,,Added from Kits reconciliation 09-14-2026; starting count not established,14.0,0.0,1.0,0.0
Oil 5W30 Drum Label,TBD,label,0.0,,Added from Kits reconciliation 09-14-2026; starting count not established,14.0,0.0,1.0,0.0
Oil Blank Box,BOX-OIL-BLANK,box,0.0,,Added from Kits reconciliation 09-14-2026; starting count not established,14.0,0.0,1.0,0.0
PG Drum Label,TBDDRUMLABELPG,label,0.0,,Added from Kits reconciliation 09-14-2026; starting count not established,14.0,0.0,1.0,0.0
Propel 50 Drum Label,TBD,label,0.0,,Added from Kits reconciliation 09-14-2026; starting count not established,14.0,0.0,1.0,0.0
Quality DEF W/Wash 0 Drum Label,LBL-Q1WWZ5,label,0.0,,Added from Kits reconciliation 09-14-2026; starting count not established,14.0,0.0,1.0,0.0
RV-100 Blue Drum Label,TBDRV100BDR,label,-6.029999999999999,,Added from Kits reconciliation 09-14-2026; starting count not established,14.0,0.0,1.0,0.0
RV-50 Pink Drum Label,TBD,label,-60.60000000000001,,Added from Kits reconciliation 09-14-2026; starting count not established,14.0,0.0,1.0,0.0
Simply Green Back Label,LBL-99987-B,label,0.0,,Added from Kits reconciliation 09-14-2026; starting count not established,14.0,0.0,1.0,0.0
Simply Green Front Label,LBL-99987-F,label,0.0,,Added from Kits reconciliation 09-14-2026; starting count not established,14.0,0.0,1.0,0.0
Steel Drum 55 Gal,DRUM-MT55-STL,drum,0.0,,Added from Kits reconciliation 09-14-2026; starting count not established,14.0,0.0,1.0,0.0
Super Purple Drum Label,TBD,label,0.0,,Added from Kits reconciliation 09-14-2026; starting count not established,14.0,0.0,1.0,0.0
Tote OTR-25 Label,OTRW252-LBL,label,0.0,,Added from Kits reconciliation 09-14-2026; starting count not established,14.0,0.0,1.0,0.0
Tote Quality DEF W/Wash 0 Label,LBL-Q1WWZ5-275,label,0.0,,Added from Kits reconciliation 09-14-2026; starting count not established,14.0,0.0,1.0,0.0
Tote Super Purple Cleaner & Degreaser Label,LBL-TBD-SPCD-TT,label,0.0,,Added from Kits reconciliation 09-14-2026; starting count not established,14.0,0.0,1.0,0.0
W/Wash -30 Drum Label,TBD,label,0.0,,Added from Kits reconciliation 09-14-2026; starting count not established,14.0,0.0,1.0,0.0
xtreme back label,TBDXTREMEBACKLABEL,label,0.0,,Added from Kits reconciliation 09-14-2026; starting count not established,14.0,0.0,1.0,0.0
xtreme front label,TBDFRONTXTREME,label,0.0,,Added from Kits reconciliation 09-14-2026; starting count not established,14.0,0.0,1.0,0.0
