Timestamp,BusinessDate,Material,MaterialCode,DeltaQty,UOM,Reference,Notes
2026-04-23 09:23:38,04-22-2026,Base Oil,BASE-150,-548.7299999999999,Gal,PROD458-FSMO52-26112,Line 2 – 4 Seasons Oil 5W20
2026-04-23 09:25:46,04-22-2026,Base Oil,BASE-150,-548.7299999999999,Gal,PROD459-FSMO14-26112,Line 2 – 4 Seasons Oil 10W40
2026-04-23 09:35:04,04-22-2026,Raw Ethylene Glycol,EG-RAW,-2387.88,Gal,PROD460-FSAF50-26112,Line 1 – 4 Seasons Antifreeze
2026-04-23 15:11:11,04-22-2026,Def Bulk,GEF030,-602.9999999999999,gal,PROD461-ATABD2-26112,Line 5 – All Blu DEF 2.5 Gal
2026-04-23 15:17:18,04-22-2026,Propylene Glycol,PG-BULK,-4698.374999999999,gal,PROD462-RAWPGTOTE-26112,Line 4 – Tote PG
2026-04-24 14:33:05,04-23-2026,Base Oil,BASE-150,-274.36499999999995,Gal,PROD463-FSMO53-26113,Line 2 – 4 Seasons Oil 5W30
2026-04-24 14:33:56,04-23-2026,Base Oil,BASE-150,-548.7299999999999,Gal,PROD464-FSMO13-26113,Line 2 – 4 Seasons Oil 10W30
2026-04-24 14:34:16,04-23-2026,Raw Ethylene Glycol,EG-RAW,-542.6999999999999,Gal,PROD465-FSAF50-26113,Line 1 – 4 Seasons Antifreeze
2026-04-24 14:35:18,04-23-2026,Raw Ethylene Glycol,EG-RAW,-1193.9399999999998,Gal,PROD466-ATGP50-26113,Line 1 – Green Power 50
2026-04-24 14:40:05,04-23-2026,DEF Bulk,GEF030,-220.22,gal,PROD469-ATAB55-26113,Line 4 – Drum DEF
2026-04-24 14:41:38,04-23-2026,Base Oil,BASE-150,-55.05499999999999,gal,PROD470-TBD-26113,Line 4 – Drum Oil 5W30
2026-04-24 14:41:52,04-23-2026,Base Oil,BASE-150,-55.05499999999999,gal,PROD471-TBD-26113,Line 4 – Drum Oil 5W20
2026-04-27 12:45:15,04-24-2026,Base Oil,BASE-150,-823.0949999999999,Gal,PROD472-FSMO53-26114,Line 2 – 4 Seasons Oil 5W30
2026-04-27 12:45:32,04-24-2026,Methanol,BULK-MET,-207.67319999999995,Gal,PROD473-ATWWPX-26114,Line 3 – PolarX W/Wash -20
2026-04-27 12:48:49,04-25-2026,mETHANOL,BULK-MET,-648.0,gal,PROD474-ATWW55-26115,Line 4 – Drum W/Wash -20
2026-05-01 15:24:16,04-28-2026,Methanol,BULK-MET,-969.1415999999998,Gal,PROD479-ATWWPX-26118,Line 3 – PolarX W/Wash -20
2026-05-01 15:26:10,04-28-2026,Raw Ethylene Glycol,EG-RAW,5000.86,Gal,PROD480-ATGP50-26118,Line 1 – Green Power 50
2026-05-01 15:29:53,04-29-2026,Methanol,BULK-MET,-1107.5903999999998,Gal,PROD482-ATWWPX-26119,Line 3 – PolarX W/Wash -20
2026-05-01 15:30:33,04-29-2026,Raw Ethylene Glycol,EG-RAW,-2713.4999999999995,Gal,PROD483-ATGP50-26119,Line 1 – Green Power 50
2026-05-01 15:31:09,04-30-2026,Methanol,BULK-MET,-899.9171999999999,Gal,PROD484-ATWWPX-26120,Line 3 – PolarX W/Wash -20
2026-05-01 15:31:20,04-30-2026,Raw Ethylene Glycol,EG-RAW,-108.54,Gal,PROD485-ATGP50-26120,Line 1 – Green Power 50
2026-05-17 21:09:44,05-01-2026,Methanol,BULK-MET,-1038.366,Gal,PROD487-ATWWPX-26121,Line 3 – PolarX W/Wash -20
2026-05-17 21:10:39,05-04-2026,Methanol,BULK-MET,-1730.61,Gal,PROD489-ATWWPX-26124,Line 3 – PolarX W/Wash -20
2026-05-17 21:11:28,05-04-2026,Charcoal Lighter Fluid,CHAR-GAL,-145.44,gal,PROD491-CLF-QT-26124,Line 6 – Quick Lite
2026-05-17 21:13:52,05-05-2026,Charcoal Lighter Fluid,CHAR-GAL,-654.48,gal,PROD492-CLF-QT-26125,Line 6 – Quick Lite
2026-05-17 21:25:00,05-06-2026,Charcoal Lighter Fluid,CHAR-GAL,-654.48,gal,PROD496-CLF-QT-26126,Line 6 – Quick Lite
2026-05-17 21:25:16,05-06-2026,Base Oil,BASE-150,-548.7299999999999,Gal,PROD497-FSMO52-26126,Line 2 – 4 Seasons Oil 5W20
2026-05-17 21:28:33,05-07-2026,Base Oil,BASE-150,-823.0949999999999,Gal,PROD498-FSMO14-26127,Line 2 – 4 Seasons Oil 10W40
2026-05-17 21:29:02,05-07-2026,Charcoal Lighter Fluid,CHAR-GAL,-872.64,gal,PROD499-CLF-QT-26127,Line 6 – Quick Lite
2026-05-17 21:30:17,05-08-2026,Charcoal Lighter Fluid,CHAR-GAL,-654.48,gal,PROD501-CLF-QT-26128,Line 6 – Quick Lite
2026-05-17 21:30:32,05-08-2026,Base Oil,BASE-150,-274.36499999999995,Gal,PROD502-FSMOTF-26128,Line 2 – 4 Seasons Oil ATF
2026-05-17 21:31:04,05-08-2026,Base Oil,BASE-150,-548.7299999999999,Gal,PROD503-FSMO52-26128,Line 2 – 4 Seasons Oil 5W20
2026-05-17 21:32:01,05-09-2026,Charcoal Lighter Fluid,CHAR-GAL,-654.48,gal,PROD504-CLF-QT-26129,Line 6 – Quick Lite
2026-05-17 21:32:49,05-11-2026,Charcoal Lighter Fluid,CHAR-GAL,-218.16,gal,PROD505-CLF-QT-26131,Line 6 – Quick Lite
2026-05-17 21:33:10,05-11-2026,Base Oil,BASE-150,-274.36499999999995,Gal,PROD506-FSMO13-26131,Line 2 – 4 Seasons Oil 10W30
2026-05-17 21:33:21,05-11-2026,Base Oil,BASE-150,-823.0949999999999,Gal,PROD507-FSMO53-26131,Line 2 – 4 Seasons Oil 5W30
2026-05-17 21:34:36,05-11-2026,Raw Ethylene Glycol,EG-RAW,-1193.9399999999998,Gal,PROD508-FSAF50-26131,Line 1 – 4 Seasons Antifreeze
2026-05-18 22:40:45,05-12-2026,Raw Ethylene Glycol,EG-RAW,-651.2399999999999,Gal,PROD509-FSAF50-26132,Line 1 – 4 Seasons Antifreeze
2026-05-18 22:41:48,05-12-2026,Base Oil,BASE-150,-548.7299999999999,Gal,PROD511-FSMO52-26132,Line 2 – 4 Seasons Oil 5W20
2026-05-18 22:42:33,05-12-2026,Charcoal Lighter Fluid,CHAR-GAL,-872.64,gal,PROD512-CLF-QT-26132,Line 6 – Quick Lite
2026-05-18 22:43:43,05-13-2026,Charcoal Lighter Fluid,CHAR-GAL,-872.64,gal,PROD514-CLF-QT-26133,Line 6 – Quick Lite
2026-05-18 22:45:00,05-14-2026,Charcoal Lighter Fluid,CHAR-GAL,-436.32,gal,PROD516-CLF-QT-26134,Line 6 – Quick Lite
2026-05-18 22:45:23,05-14-2026,Base Oil,BASE-150,-548.7299999999999,Gal,PROD517-FSMO53-26134,Line 2 – 4 Seasons Oil 5W30
2026-05-18 22:50:42,05-15-2026,Base Oil,BASE-150,-548.7299999999999,Gal,PROD519-FSMO13-26135,Line 2 – 4 Seasons Oil 10W30
2026-05-18 22:50:52,05-15-2026,Base Oil,BASE-150,-274.36499999999995,Gal,PROD520-FSMO52-26135,Line 2 – 4 Seasons Oil 5W20
2026-05-28 22:58:13,05-18-2026,Base Oil,BASE-150,-274.36499999999995,Gal,PROD522-FSMO14-26138,Line 2 – 4 Seasons Oil 10W40
2026-05-28 22:58:22,05-18-2026,Base Oil,BASE-150,-274.36499999999995,Gal,PROD523-FSMO52-26138,Line 2 – 4 Seasons Oil 5W20
2026-05-28 22:58:33,05-18-2026,Base Oil,BASE-150,-78.38999999999999,Gal,PROD524-FSMO13-26138,Line 2 – 4 Seasons Oil 10W30
2026-05-28 22:58:55,05-18-2026,Base Oil,BASE-150,-78.38999999999999,Gal,PROD525-FSMO52-26138,Line 2 – 4 Seasons Oil 5W20
2026-05-28 22:59:08,05-18-2026,Base Oil,BASE-150,-78.38999999999999,Gal,PROD526-FSMO14-26138,Line 2 – 4 Seasons Oil 10W40
2026-05-28 22:59:17,05-18-2026,Base Oil,BASE-150,-156.77999999999997,Gal,PROD527-FSMO53-26138,Line 2 – 4 Seasons Oil 5W30
2026-05-28 23:00:53,05-19-2026,Base Oil,BASE-150,-1371.8249999999998,Gal,PROD530-FSMOTF-26139,Line 2 – 4 Seasons Oil ATF
2026-06-01 08:17:14,05-20-2026,Base Oil,BASE-150,-274.36499999999995,Gal,PROD534-FSMO13-26140,Line 2 – 4 Seasons Oil 10W30
2026-06-01 08:17:23,05-20-2026,Base Oil,BASE-150,-274.36499999999995,Gal,PROD535-FSMO52-26140,Line 2 – 4 Seasons Oil 5W20
2026-06-01 08:17:31,05-20-2026,Base Oil,BASE-150,-274.36499999999995,Gal,PROD536-FSMO53-26140,Line 2 – 4 Seasons Oil 5W30
2026-06-01 08:21:22,05-21-2026,DEF Bulk,GEF030,-165.165,gal,PROD541-ATAB55-26141,Line 4 – Drum DEF
2026-06-01 08:24:37,05-22-2026,Charcoal Lighter Fluid,CHAR-GAL,-654.48,gal,PROD546-CLF-QT-26142,Line 6 – Quick Lite
2026-06-01 08:25:10,05-23-2026,Charcoal Lighter Fluid,CHAR-GAL,-436.32,gal,PROD547-CLF-QT-26143,Line 6 – Quick Lite
2026-06-01 08:31:01,05-26-2026,Charcoal Lighter Fluid,CHAR-GAL,-872.64,gal,PROD549-CLF-QT-26146,Line 6 – Quick Lite
2026-06-01 08:32:34,05-27-2026,Charcoal Lighter Fluid,CHAR-GAL,-654.48,gal,PROD553-CLF-QT-26147,Line 6 – Quick Lite
2026-06-01 08:41:41,05-28-2026,Charcoal Lighter Fluid,CHAR-GAL,-872.64,gal,PROD555-CLF-QT-26148,Line 6 – Quick Lite
2026-06-01 08:44:10,05-28-2026,Methanol,BULK-MET,-144.0,gal,PROD558-ATWW55-26148,Line 4 – Drum W/Wash -20
2026-06-01 08:45:05,05-28-2026,Raw Ethylene Glycol,EG-RAW,-868.3199999999999,Gal,PROD560-ATGP50-26148,Line 1 – Green Power 50
2026-06-01 08:47:48,05-29-2026,Charcoal Lighter Fluid,CHAR-GAL,-654.48,gal,PROD561-CLF-QT-26149,Line 6 – Quick Lite
2026-06-01 08:48:20,05-29-2026,Raw Ethylene Glycol,EG-RAW,-868.3199999999999,Gal,PROD563-FSAF50-26149,Line 1 – 4 Seasons Antifreeze
2026-06-01 08:48:30,05-29-2026,Raw Ethylene Glycol,EG-RAW,-542.6999999999999,Gal,PROD564-ATGP50-26149,Line 1 – Green Power 50
2026-06-01 08:49:02,05-30-2026,Charcoal Lighter Fluid,CHAR-GAL,-436.32,gal,PROD565-CLF-QT-26150,Line 6 – Quick Lite
2026-06-01 08:53:29,05-30-2026,Base Oil,BASE-150,-274.36499999999995,Gal,PROD567-FSMO13-26150,Line 2 – 4 Seasons Oil 10W30
2026-06-03 07:44:00,06-01-2026,Charcoal Lighter Fluid,CHAR-GAL,-654.48,gal,PROD568-CLF-QT-26152,Line 6 – Quick Lite
2026-06-03 07:44:23,06-01-2026,DEF Bulk,GEF030,-440.44,gal,PROD569-ATAB55-26152,Line 4 – Drum DEF
2026-06-03 07:44:43,06-01-2026,Base Oil,BASE-150,-823.0949999999999,Gal,PROD570-FSMO13-26152,Line 2 – 4 Seasons Oil 10W30
2026-06-03 07:44:52,06-01-2026,Base Oil,BASE-150,-548.7299999999999,Gal,PROD571-FSMO14-26152,Line 2 – 4 Seasons Oil 10W40
2026-07-14 03:00:49,07-06-2026,Methanol,BULK-MET,-2098.6992,gal,PROD572-OTRWWSHDEICER1G-26187,Line 1 – OTR -25 W/Wash
2026-07-15 23:23:20,07-07-2026,Raw Ethylene Glycol,EG-RAW,-542.6999999999999,Gal,PROD575-FSAF50-26188,Line 1 – 4 Seasons Antifreeze
2026-07-15 23:23:48,07-07-2026,Raw Ethylene Glycol,EG-RAW,-1845.18,Gal,PROD576-ATGP50-26188,Line 1 – Green Power 50
2026-07-15 23:34:36,07-08-2026,Raw Ethylene Glycol,EG-RAW,-217.08,Gal,PROD578-TBDXTREME-26189,Line 1 – Xtreme AF
2026-07-15 23:36:01,07-08-2026,Raw Ethylene Glycol,EG-RAW,-26.0,gal,PROD579-ATGP50-55-26189,Line 4 – Drum Green Power -34
2026-07-15 23:42:41,07-10-2026,Raw Ethylene Glycol,EG-RAW,-434.16,Gal,PROD583-TBDXTREME-26191,Line 1 – Xtreme AF
2026-07-15 23:44:48,07-11-2026,Raw Ethylene Glycol,EG-RAW,-156.0,gal,PROD585-ATGP50-55-26192,Line 4 – Drum Green Power -34
2026-07-15 23:45:02,07-11-2026,DEF Bulk,GEF030,-330.33,gal,PROD586-ATAB55-26192,Line 4 – Drum DEF
2026-07-15 23:45:18,07-11-2026,Raw Ethylene Glycol,EG-RAW,-651.2399999999999,Gal,PROD587-TBDXTREME-26192,Line 1 – Xtreme AF
2026-07-15 23:46:25,07-13-2026,Base Oil,BASE-150,-274.36499999999995,Gal,PROD589-FSMO53-26194,Line 2 – 4 Seasons Oil 5W30
2026-07-15 23:47:49,07-13-2026,Raw Ethylene Glycol,EG-RAW,-1953.72,Gal,PROD591-TBDXTREME-26194,Line 1 – Xtreme AF
2026-07-15 23:48:35,07-14-2026,Base Oil,BASE-150,-548.7299999999999,Gal,PROD592-FSMO53-26195,Line 2 – 4 Seasons Oil 5W30
2026-07-15 23:48:44,07-14-2026,Base Oil,BASE-150,-548.7299999999999,Gal,PROD593-FSMO52-26195,Line 2 – 4 Seasons Oil 5W20
2026-07-15 23:49:39,07-14-2026,Raw Ethylene Glycol,EG-RAW,-2713.4999999999995,Gal,PROD594-ATGP50-26195,Line 1 – Green Power 50
2026-07-20 22:48:48,07-15-2026,Base Oil,BASE-150,-548.7299999999999,Gal,PROD595-FSMO13-26196,Line 2 – 4 Seasons Oil 10W30
2026-07-20 22:48:57,07-15-2026,Base Oil,BASE-150,-274.36499999999995,Gal,PROD596-FSMO52-26196,Line 2 – 4 Seasons Oil 5W20
2026-07-20 22:50:19,07-15-2026,Raw Ethylene Glycol,EG-RAW,-1411.0199999999998,Gal,PROD597-ATGP50-26196,Line 1 – Green Power 50
2026-07-20 22:51:15,07-16-2026,Base Oil,BASE-150,-1097.4599999999998,Gal,PROD599-FSMO13-26197,Line 2 – 4 Seasons Oil 10W30
2026-07-20 22:52:20,07-17-2026,Base Oil,BASE-150,-274.36499999999995,Gal,PROD603-FSMO13-26198,Line 2 – 4 Seasons Oil 10W30
2026-07-20 22:52:29,07-17-2026,Base Oil,BASE-150,-548.7299999999999,Gal,PROD604-FSMO52-26198,Line 2 – 4 Seasons Oil 5W20
2026-08-26 15:02:26,07-27-2026,Ethanol,ETHANOL-BULK,-840.0,Gal,PROD609-ATRE506-26208,Line 3 – RV Antifreeze -50 | backfill
2026-08-26 15:02:26,07-27-2026,Methanol,BULK-MET,-242.15760000000003,gal,PROD610-OTRWWSHDEICER1G-26208,Line 1 – OTR -25 W/Wash | backfill
2026-08-26 15:02:26,07-29-2026,Ethanol,ETHANOL-BULK,-714.0,Gal,PROD611-ATRE506-26210,Line 3 – RV Antifreeze -50 | backfill
2026-08-26 15:02:26,07-30-2026,Ethanol,ETHANOL-BULK,-1428.0,Gal,PROD614-ATRE506-26211,Line 3 – RV Antifreeze -50 | backfill
2026-08-26 15:02:26,07-30-2026,Methanol,BULK-MET,-216.0,gal,PROD615-ATWW55-26211,Line 4 – Drum W/Wash -20 | backfill
2026-08-26 15:02:26,07-31-2026,Methanol,BULK-MET,-1372.2264,gal,PROD617-OTRWWSHDEICER1G-26212,Line 1 – OTR -25 W/Wash | backfill
2026-08-26 15:02:26,07-31-2026,Ethanol,ETHANOL-BULK,-924.0,Gal,PROD618-ATRE506-26212,Line 3 – RV Antifreeze -50 | backfill
2026-08-26 15:02:26,08-01-2026,Methanol,BULK-MET,-1210.7880000000002,gal,PROD620-OTRWWSHDEICER1G-26213,Line 1 – OTR -25 W/Wash | backfill
2026-08-26 15:02:26,08-01-2026,Ethanol,ETHANOL-BULK,-378.0,Gal,PROD621-ATRE506-26213,Line 3 – RV Antifreeze -50 | backfill
2026-08-26 15:02:26,08-03-2026,Methanol,BULK-MET,-2017.9800000000002,gal,PROD623-OTRWWSHDEICER1G-26215,Line 1 – OTR -25 W/Wash | backfill
2026-08-26 15:02:26,08-03-2026,Ethanol,ETHANOL-BULK,-1176.0,Gal,PROD624-ATRE506-26215,Line 3 – RV Antifreeze -50 | backfill
2026-08-26 15:02:26,08-04-2026,Raw Ethylene Glycol,EG-RAW-GAL,-1085.3999999999999,Gal,PROD625-ATGP50-26216,Line 1 – Green Power 50 | backfill
2026-08-26 15:02:26,08-04-2026,Methanol,BULK-MET,-161.4384,gal,PROD627-OTRWWSHDEICER1G-26216,Line 1 – OTR -25 W/Wash | backfill
2026-08-26 15:02:26,08-04-2026,Ethanol,ETHANOL-BULK,-924.0,Gal,PROD628-ATRE506-26216,Line 3 – RV Antifreeze -50 | backfill
2026-08-26 15:02:26,08-04-2026,Methanol,BULK-MET,-72.0,gal,PROD630-ATWW55-26216,Line 4 – Drum W/Wash -20 | backfill
2026-08-26 15:02:26,08-05-2026,Raw Ethylene Glycol,EG-RAW-GAL,-2604.9599999999996,Gal,PROD631-ATGP50-26217,Line 1 – Green Power 50 | backfill
2026-08-26 15:02:26,08-06-2026,Raw Ethylene Glycol,EG-RAW-GAL,-2170.7999999999997,Gal,PROD634-FSAF50-26218,Line 1 – 4 Seasons Antifreeze | backfill
2026-08-26 15:02:26,08-06-2026,Ethanol,ETHANOL-BULK,-440.0,Gal,PROD638-ATRE501-26218,Line 4 – Drum RV-50 Pink | backfill
2026-08-26 15:02:26,08-07-2026,Raw Ethylene Glycol,EG-RAW-GAL,-2170.7999999999997,Gal,PROD639-ATGP50-26219,Line 1 – Green Power 50 | backfill
2026-08-26 15:02:26,08-07-2026,Methanol,BULK-MET,-346.12199999999996,Gal,PROD640-ATWWPX-26219,Line 3 – PolarX W/Wash -20 | backfill
2026-08-26 15:02:26,08-07-2026,Base Oil,BASE-150,-548.7299999999999,Gal,PROD642-FSMO52-26219,Line 2 – 4 Seasons Oil 5W20 | backfill
2026-08-26 15:02:26,08-07-2026,Base Oil,BASE-150,-548.7299999999999,Gal,PROD643-FSMO53-26219,Line 2 – 4 Seasons Oil 5W30 | backfill
2026-08-26 15:02:26,08-08-2026,Methanol,BULK-MET,-553.7951999999999,Gal,PROD646-ATWWPX-26220,Line 3 – PolarX W/Wash -20 | backfill
2026-08-26 15:02:26,08-10-2026,Ethanol,ETHANOL-BULK,-168.0,Gal,PROD650-ATRE506-26222,Line 3 – RV Antifreeze -50 | backfill
2026-08-26 15:02:26,08-10-2026,Raw Ethylene Glycol,EG-RAW-GAL,-542.6999999999999,Gal,PROD651-ATFP50-26222,Line 1 – Fleet Power 50 | backfill
2026-08-26 15:02:26,08-10-2026,Raw Ethylene Glycol,EG-RAW-GAL,-217.07999999999998,Gal,PROD653-ATGLP50-26222,Line 1 – Global Power 50 | backfill
2026-08-26 15:02:26,08-10-2026,Raw Ethylene Glycol,EG-RAW-GAL,-217.07999999999998,Gal,PROD654-ATGLPFS-26222,Line 1 – Global Power 100 | backfill
2026-08-26 15:02:26,08-10-2026,Raw Ethylene Glycol,EG-RAW-GAL,-217.07999999999998,Gal,PROD655-ATGPFS-26222,Line 1 – Green Power 100 | backfill
2026-08-26 15:02:26,08-10-2026,Base Oil,BASE-150,-548.7299999999999,Gal,PROD656-FSMO13-26222,Line 2 – 4 Seasons Oil 10W30 | backfill
2026-08-26 15:02:26,08-10-2026,Base Oil,BASE-150,-274.36499999999995,Gal,PROD657-FSMO14-26222,Line 2 – 4 Seasons Oil 10W40 | backfill
2026-08-26 15:02:26,08-11-2026,Methanol,BULK-MET,-1049.3496,gal,PROD659-OTRWWSHDEICER1G-26223,Line 1 – OTR -25 W/Wash | backfill
2026-08-26 15:02:26,08-11-2026,Raw Ethylene Glycol,EG-RAW-GAL,-217.07999999999998,Gal,PROD660-ATFP50-26223,Line 1 – Fleet Power 50 | backfill
2026-08-26 15:02:26,08-11-2026,Raw Ethylene Glycol,EG-RAW-GAL,-651.2399999999999,Gal,PROD661-ATCP50-26223,Line 1 – Cool Power 50 | backfill
2026-08-26 15:02:26,08-11-2026,Base Oil,BASE-150,-823.0949999999999,Gal,PROD662-FSMOTF-26223,Line 2 – 4 Seasons Oil ATF | backfill
2026-08-26 15:02:26,08-11-2026,Base Oil,BASE-150,-274.36499999999995,Gal,PROD663-FSMO14-26223,Line 2 – 4 Seasons Oil 10W40 | backfill
2026-08-26 15:02:26,08-12-2026,Methanol,BULK-MET,-1210.7880000000002,gal,PROD664-OTRWWSHDEICER1G-26224,Line 1 – OTR -25 W/Wash | backfill
2026-08-26 15:02:26,08-12-2026,Ethanol,ETHANOL-BULK,-294.0,Gal,PROD665-ATRE506-26224,Line 3 – RV Antifreeze -50 | backfill
2026-08-26 15:02:26,08-12-2026,Base Oil,BASE-150,-548.7299999999999,Gal,PROD666-FSMOTF-26224,Line 2 – 4 Seasons Oil ATF | backfill
2026-08-26 15:02:26,08-12-2026,Base Oil,BASE-150,-548.7299999999999,Gal,PROD667-FSMO52-26224,Line 2 – 4 Seasons Oil 5W20 | backfill
2026-08-26 15:02:26,08-13-2026,Methanol,BULK-MET,-1452.9456000000002,gal,PROD668-OTRWWSHDEICER1G-26225,Line 1 – OTR -25 W/Wash | backfill
2026-08-26 15:02:26,08-13-2026,Ethanol,ETHANOL-BULK,-504.0,Gal,PROD669-ATRE506-26225,Line 3 – RV Antifreeze -50 | backfill
2026-08-26 15:02:26,08-13-2026,Base Oil,BASE-150,-548.7299999999999,Gal,PROD671-FSMO53-26225,Line 2 – 4 Seasons Oil 5W30 | backfill
2026-08-26 15:02:26,08-13-2026,Base Oil,BASE-150,-274.36499999999995,Gal,PROD672-FSMO52-26225,Line 2 – 4 Seasons Oil 5W20 | backfill
2026-08-26 15:02:26,08-14-2026,Base Oil,BASE-150,-274.36499999999995,Gal,PROD677-FSMO53-26226,Line 2 – 4 Seasons Oil 5W30 | backfill
2026-08-26 15:02:26,08-14-2026,Base Oil,BASE-150,-548.7299999999999,Gal,PROD678-FSMO13-26226,Line 2 – 4 Seasons Oil 10W30 | backfill
2026-08-26 15:02:26,08-17-2026,Methanol,BULK-MET,-2179.4184,gal,PROD685-OTRWWSHDEICER1G-26229,Line 1 – OTR -25 W/Wash | backfill
2026-08-26 15:02:26,08-17-2026,Ethanol,ETHANOL-BULK,-84.0,Gal,PROD686-ATRE506-26229,Line 3 – RV Antifreeze -50 | backfill
2026-08-26 15:02:26,08-17-2026,Base Oil,BASE-150,-274.36499999999995,Gal,PROD687-FSMO13-26229,Line 2 – 4 Seasons Oil 10W30 | backfill
2026-08-26 15:02:26,08-17-2026,Base Oil,BASE-150,-274.36499999999995,Gal,PROD688-FSMO14-26229,Line 2 – 4 Seasons Oil 10W40 | backfill
2026-08-26 15:02:26,08-18-2026,Methanol,BULK-MET,-403.596,gal,PROD692-OTRWWSHDEICER1G-26230,Line 1 – OTR -25 W/Wash | backfill
2026-08-26 15:02:26,08-18-2026,Raw Ethylene Glycol,EG-RAW-GAL,-2170.7999999999997,Gal,PROD693-FSAF50-26230,Line 1 – 4 Seasons Antifreeze | backfill
2026-08-26 15:02:26,08-18-2026,Base Oil,BASE-150,-823.0949999999999,Gal,PROD694-FSMO14-26230,Line 2 – 4 Seasons Oil 10W40 | backfill
2026-08-26 15:02:26,08-18-2026,Charcoal Lighter Fluid,CHAR-GAL,-654.48,gal,PROD695-CLF-QT-26230,Line 6 – Quick Lite | backfill
2026-08-26 15:02:26,08-19-2026,Propylene Glycol,PG-BULK,-1008.0,Gal,PROD696-ATRP1006-26231,Line 3 – RV Antifreeze -100 | backfill
2026-08-26 15:02:26,08-19-2026,Raw Ethylene Glycol,EG-RAW-GAL,-1845.1799999999998,Gal,PROD697-ATGP50-26231,Line 1 – Green Power 50 | backfill
2026-08-26 15:02:26,08-19-2026,Raw Ethylene Glycol,EG-RAW-GAL,-651.2399999999999,Gal,PROD698-FSAF50-26231,Line 1 – 4 Seasons Antifreeze | backfill
2026-08-26 15:02:26,08-19-2026,Base Oil,BASE-150,-823.0949999999999,Gal,PROD699-FSMO53-26231,Line 2 – 4 Seasons Oil 5W30 | backfill
2026-08-26 15:02:26,08-19-2026,Charcoal Lighter Fluid,CHAR-GAL,-218.16,gal,PROD700-CLF-QT-26231,Line 6 – Quick Lite | backfill
2026-08-26 15:02:26,08-20-2026,Propylene Glycol,PG-BULK,-756.0,Gal,PROD701-ATRP1006-26232,Line 3 – RV Antifreeze -100 | backfill
2026-08-26 15:02:26,08-20-2026,Raw Ethylene Glycol,EG-RAW-GAL,-1845.1799999999998,Gal,PROD702-ATGP50-26232,Line 1 – Green Power 50 | backfill
2026-08-26 15:02:26,08-20-2026,Methanol,BULK-MET,-484.5707999999999,Gal,PROD703-ATWWPX-26232,Line 3 – PolarX W/Wash -20 | backfill
2026-08-26 15:02:26,08-20-2026,Base Oil,BASE-150,-274.36499999999995,Gal,PROD704-FSMO53-26232,Line 2 – 4 Seasons Oil 5W30 | backfill
2026-08-26 15:02:26,08-20-2026,Base Oil,BASE-150,-548.7299999999999,Gal,PROD705-FSMO13-26232,Line 2 – 4 Seasons Oil 10W30 | backfill
2026-08-26 15:02:26,08-20-2026,Raw Ethylene Glycol,EG-RAW,-156.0,gal,PROD706-ATGLP5055-26232,Line 4 – Drum Global Power 50 | backfill
2026-08-26 15:02:26,08-21-2026,Raw Ethylene Glycol,EG-RAW-GAL,-542.6999999999999,Gal,PROD710-SAGR50-26233,Line 1 – Simply Green | backfill
2026-08-26 15:02:26,08-21-2026,Methanol,BULK-MET,-1246.0391999999997,Gal,PROD711-ATWWPX-26233,Line 3 – PolarX W/Wash -20 | backfill
2026-08-26 15:02:26,08-21-2026,Base Oil,BASE-150,-274.36499999999995,Gal,PROD712-FSMO13-26233,Line 2 – 4 Seasons Oil 10W30 | backfill
2026-08-26 15:02:26,08-21-2026,Base Oil,BASE-150,-274.36499999999995,Gal,PROD713-FSMO14-26233,Line 2 – 4 Seasons Oil 10W40 | backfill
2026-08-26 15:02:26,08-21-2026,Methanol,BULK-MET,-720.0,gal,PROD714-ATWW55-26233,Line 4 – Drum W/Wash -20 | backfill
2026-08-26 15:02:26,08-22-2026,Raw Ethylene Glycol,EG-RAW-GAL,-1628.1,Gal,PROD716-SAGR50-26234,Line 1 – Simply Green | backfill
2026-08-26 15:02:26,08-24-2026,Methanol,BULK-MET,-1614.384,gal,PROD718-OTRWWSHDEICER1G-26236,Line 1 – OTR -25 W/Wash | backfill
2026-08-26 15:02:26,08-24-2026,Raw Ethylene Glycol,EG-RAW-GAL,-108.53999999999999,Gal,PROD719-SAGR50-26236,Line 1 – Simply Green | backfill
2026-08-26 15:02:26,08-24-2026,Methanol,BULK-MET,-1176.8147999999999,Gal,PROD720-ATWWPX-26236,Line 3 – PolarX W/Wash -20 | backfill
2026-08-26 15:02:26,08-24-2026,JEGS Break-In Oil 10W30,BOIL-30,-273.0,Gal,PROD721-JEGSBIOILQT-26236,Line 2 – JEGS Break-In Oil 10W30 | backfill
2026-08-26 15:02:26,08-25-2026,DEF Bulk,GEF030,-220.21999999999997,gal,PROD722-ATAB55-26237,Line 4 – Drum DEF | backfill
2026-08-26 15:02:26,08-25-2026,Methanol,BULK-MET,-1614.384,gal,PROD723-OTRWWSHDEICER1G-26237,Line 1 – OTR -25 W/Wash | backfill
2026-08-26 15:02:26,08-25-2026,Methanol,BULK-MET,-830.6927999999998,Gal,PROD725-ATWWPX-26237,Line 3 – PolarX W/Wash -20 | backfill
2026-08-26 15:02:26,08-25-2026,Base Oil,BASE-150,-548.7299999999999,Gal,PROD726-FSMO14-26237,Line 2 – 4 Seasons Oil 10W40 | backfill
