Material,MaterialCode,Quantity,UOM,LastUpdated,Notes
Base Oil,BASE-150,-2062.3400000009983,Gal,08-25-2026,Line 2 – 4 Seasons Oil 10W40 | backfill
Charcoal Lighter Fluid,CHAR-GAL,14839.76000000001,Gal,08-19-2026,Line 6 – Quick Lite | backfill
Chlorine (Sodium Hypochlorite),CHLR-BULK-GAL,13200.0,Gal,5-8-2026,16 totes Received. Logged in Gallons. 16 Totes * 275 Gal per Tote
DEF Bulk,GEF030,9373.515,Gal,08-25-2026,Line 4 – Drum DEF | backfill
Ethanol,ETHANOL-BULK,8708.0,Gal,08-17-2026,Line 3 – RV Antifreeze -50 | backfill
JEGS Break-In Oil 10W30,BOIL-30,-273.0,Gal,08-24-2026,Line 2 – JEGS Break-In Oil 10W30 | backfill
Methanol,BULK-MET,12934.841599999996,Gal,08-25-2026,Line 3 – PolarX W/Wash -20 | backfill
Propylene Glycol,PG-BULK,1236.625000000001,Gal,08-20-2026,Line 3 – RV Antifreeze -100 | backfill
Raw Ethylene Glycol,EG-RAW,-17408.480000000007,Gal,08-24-2026,Line 1 – Simply Green | backfill
